gradientSteps,total,energy,movementsDist,up_z
1,-0.9014840654283762,999,0.5591525,0
2,-0.23791152000427246,998,0.3348025,0
3,-7.418322563168545e-05,997,0.5166019,0
4,-0.5105741748809814,996,0.82009715,0
5,0.5051186876860481,995,0.15052687,0
6,0.24087635397911078,994,0.3058588,0
7,-0.678153178691864,993,0.7820023,0
8,0.26167495012283326,992,0.14351031,0
9,-0.666349538237059,991,0.6981069,0
10,-0.14558406472206115,990,0.30607104,0
11,-0.28409214496612545,989,0.5040716,0
12,0.5982736431250334,988,0,0
13,-0.2618033609390259,987,0.6002868,0
14,0.2536795902252197,986,0,0
15,0.4976526081562042,985,0,0
16,0.5752806677818298,984,0,0
17,0.4428929889202118,983,0,0
18,0.5783936893939972,982,0,0
19,0.6273230987787246,981,0,0
20,0.37213837504386904,980,0,0
21,0.4447992010116577,979,0,0
22,0.40879757113468496,978,0,0
23,0.571717513203621,977,0,0
24,0.5471322375535965,976,0,0
25,0.4508880063210743,975,0,0
26,0.6548606050829293,974,0,0
27,0.5435790179568325,973,0,0
28,0.47975895827076587,972,0,0
29,0.3325171220302582,971,0,0
30,0.4376483917236328,970,0,0
31,0.3903403353691101,969,0,0
32,0.527362135872506,968,0,0
33,0.5238657389730278,967,0,0
34,0.7547611552476883,966,0,0
35,0.6171890616416931,965,0,0
36,0.6059417063656188,964,0,0
37,0.5146179342269898,963,0,0
38,0.6624718910455704,962,0,0
39,0.5833319053868666,961,0,0
40,0.3473250707430748,960,0,0
41,0.4589511346817017,959,0,0
42,0.5584801340103149,958,0,0
43,0.34315973901748653,957,0,0
44,0.5690271575969283,956,0,0
45,0.696422101466384,955,0,0
46,0.43511446833610534,954,0,0
47,0.5808772066591295,953,0,0
48,0.3117735617894892,952,0,0
49,0.23888085740982098,951,0,0
50,0.5950475758546101,950,0,0
51,0.3832902920246124,949,0,0
52,0.7118158885836601,948,0,0
53,0.6926054280308932,947,0,0
54,0.3196924376487732,946,0,0
55,0.5719858765602112,945,0,0
56,0.4793160629272461,944,0,0
57,0.563750126361847,943,0,0
58,0.41650077772140504,942,0,0
59,0.6502569127082825,941,0,0
60,0.6131217720508575,940,0,0
61,0.5660490830843076,939,0,0
62,0.7063579627871513,938,0,0
63,0.6316259807348251,937,0,0
64,0.514780478477478,936,0,0
65,0.5377324314117431,935,0,0
66,0.6729922904968262,934,0,0
67,0.6462065929174423,933,0,0
68,0.7485778458118438,932,0,0
69,0.6164047795534133,931,0,0
70,0.5272734999656677,930,0,0
71,0.7739988368749618,929,0,0
72,0.4082511837482452,928,0,0
73,0.569079126421393,927,0,0
74,0.7972944255173207,926,0,0
75,0.5798844590141785,925,0,0
76,0.6758407962322235,924,0,0
77,0.6487503969669342,923,0,0
78,0.5242767369747162,922,0,0
79,0.633004273891449,921,0,0
80,0.4333037495613098,920,0,0
81,0.6898390503246519,919,0,0
82,0.6505266511440277,918,0,0
83,0.3068442440032959,917,0,0
84,0.600417445898056,916,0,0
85,0.6088657349348068,915,0,0
86,0.7724597585201264,914,0,0
87,0.566291518948871,913,0,0
88,0.6509700396060943,912,0,0
89,0.6553345638513565,911,0,0
90,0.7213460236787796,910,0,0
91,0.7142680776119232,909,0,0
92,0.7565913999080658,908,0,0
93,0.389449333844595,907,0,0
94,0.5843693542480468,906,0,0
95,0.5601566439337426,905,0,0
96,0.512912894487381,904,0,0
97,0.6510241293907165,903,0,0
98,0.6126422647641521,902,0,0
99,0.4929299464225769,901,0,0
100,0.731007709845956,900,0,0
101,0.7731923919916153,899,0,0
102,0.623407187461853,898,0,0
103,0.6013782358169556,897,0,0
104,0.767078823781891,896,0,0
105,0.5415702819824219,895,0,0
106,0.5976212990283967,894,0,0
107,0.7118626320362091,893,0,0
108,0.683790896514431,892,0,0
109,0.49439589262008665,891,0,0
110,0.6585657715797424,890,0,0
111,0.7821999244630602,889,0,0
112,0.779632924910365,888,0,0
113,0.7416041704892578,887,0,0
114,0.4859475660324097,886,0,0
115,0.6360097636581683,885,0,0
116,0.6038538110256195,884,0,0
117,0.7697092199325561,883,0,0
118,0.4071491873264313,882,0,0
119,0.7626289057731628,881,0,0
120,0.8106090975859905,880,0,0
121,0.5180435938835144,879,0,0
122,0.650893039919784,878,0,0
123,0.5135998106002808,877,0,0
124,0.5085540909767151,876,0,0
125,0.7819833959474534,875,0,0
126,0.5947574090957641,874,0,0
127,0.7714474101482454,873,0,0
128,0.7709925955533982,872,0,0
129,0.7052497924773876,871,0,0
130,0.5547452926635742,870,0,0
131,0.6943471056222916,869,0,0
132,0.48953678293386566,868,0,0
133,0.6578865356445313,867,0,0
134,0.6417842316627502,866,0,0
135,0.6017001092433929,865,0,0
136,0.5440842197883898,864,0,0
137,0.6842799925804138,863,0,0
138,0.7117313599586487,862,0,0
139,0.7183865685462951,861,0,0
140,0.8258368671652256,860,0,0
141,0.5368136738333749,859,0,0
142,0.7399124407768249,858,0,0
143,0.81057133436203,857,0,0
144,0.7462328153848647,856,0,0
145,0.5439296305179596,855,0,0
146,0.8092020553350449,854,0,0
147,0.7383219861984253,853,0,0
148,0.8191901450477819,852,0,0
149,0.6671441152039197,851,0,0
150,0.7303413721323013,850,0,0
151,0.6603804253481911,849,0,0
152,0.85306393919489,848,0,0
153,0.6595989747380548,847,0,0
154,0.7032121020555496,846,0,0
155,0.5258538782596588,845,0,0
156,0.6284503534225719,844,0,0
157,0.7692197394896654,843,0,0
158,0.7426546600767213,842,0,0
159,0.7713991808891296,841,0,0
160,0.5224784731864929,840,0,0
161,0.6440268411636353,839,0,0
162,0.7555862472982856,838,0,0
163,0.6020077389929422,837,0,0
164,0.42789550386251635,836,0,0
165,0.8976040208679081,835,0,0
166,0.6728183996909225,834,0,0
167,0.7440754526853561,833,0,0
168,0.6795336818695068,832,0,0
169,0.8158912587165833,831,0,0
170,0.8097746341464779,830,0,0
171,0.6231197707020807,829,0,0
172,0.748787116408348,828,0,0
173,0.7949740862846375,827,0,0
174,0.8391526111569447,826,0,0
175,0.7037792670920554,825,0,0
176,0.6479951751232147,824,0,0
177,0.5790176342392777,823,0,0
178,0.7788664843369157,822,0,0
179,0.8201594354472563,821,0,0
180,0.5197326643753987,820,0,0
181,0.7374232943337256,819,0,0
182,0.6403968392438242,818,0,0
183,0.761966655254364,817,0,0
184,0.8255235894637402,816,0,0
185,0.39204628467559816,815,0,0
186,0.7083937270641327,814,0,0
187,0.8852844954192884,813,0,0
188,0.834649116396904,812,0,0
189,0.869251668870449,811,0,0
190,0.7441922516822815,810,0,0
191,0.7779614911512576,809,0,0
192,0.7712056530437829,808,0,0
193,0.5221070359857747,807,0,0
194,0.8921254056692124,806,0,0
195,0.9162825137376786,805,0,0
196,0.5880528044700623,804,0,0
197,0.7855979466438293,803,0,0
198,0.674566057920456,802,0,0
199,0.6077911841869355,801,0,0
200,0.7419999451637268,800,0,0
201,0.7975482710445174,799,0,0
202,0.8394358134269715,798,0,0
203,0.8194589281082153,797,0,0
204,0.7433574659824371,796,0,0
205,0.783366733789444,795,0,0
206,0.6791043419837952,794,0,0
207,0.7311320519447326,793,0,0
208,0.8595501834154129,792,0,0
209,0.7466704142093659,791,0,0
210,0.7854629337787629,790,0,0
211,0.7638651299476623,789,0,0
212,0.7116667187213898,788,0,0
213,0.77273157787323,787,0,0
214,0.5789404344558716,786,0,0
215,0.7867104144096374,785,0,0
216,0.8106067707538605,784,0,0
217,0.8057178522678513,783,0,0
218,0.7685283715724945,782,0,0
219,0.6945632767677307,781,0,0
220,0.6651013553142547,780,0,0
221,0.695027117729187,779,0,0
222,0.7676150834560395,778,0,0
223,0.6929909014701843,777,0,0
224,0.751375324845314,776,0,0
225,0.7008974761962891,775,0,0
226,0.7739239025115967,774,0,0
227,0.6343700737800435,773,0,0
228,0.626848506450653,772,0,0
229,0.6897643458843231,771,0,0
230,0.537650191783905,770,0,0
231,0.813481502532959,769,0,0
232,0.8300085212361656,768,0,0
233,0.8159114744663238,767,0,0
234,0.81307059943676,766,0,0
235,0.798612841293219,765,0,0
236,0.8635745960474014,764,0,0
237,0.41436354875564574,763,0,0
238,0.561172708272934,762,0,0
239,0.6812307071685791,761,0,0
240,0.7128215165138244,760,0,0
241,0.6841699323654175,759,0,0
242,0.7747817134857178,758,0,0
243,0.8303572171926499,757,0,0
244,0.8257200863957405,756,0,0
245,0.5086908102035522,755,0,0
246,0.605480958711471,754,0,0
247,0.7504110074043274,753,0,0
248,0.8611850315332412,752,0,0
249,0.7563785028457641,751,0,0
250,0.8011101545095444,750,0,0
251,0.8050552314484356,749,0,0
252,0.5475669777393342,748,0,0
253,0.5376834700902761,747,0,0
254,0.6758001818656921,746,0,0
255,0.6532283067703247,745,0,0
256,0.6091689097881317,744,0,0
257,0.7341528685586935,743,0,0
258,0.6145791018009186,742,0,0
259,0.6076197513625052,741,0,0
260,0.7631019830703736,740,0,0
261,0.7470259833335876,739,0,0
262,0.7429444509413204,738,0,0
263,0.567184134721756,737,0,0
264,0.7803857233748637,736,0,0
265,0.7210131914615631,735,0,0
266,0.6663872706890106,734,0,0
267,0.7887028551101685,733,0,0
268,0.7139041656255722,732,0,0
269,0.7314332171678544,731,0,0
270,0.5302658140659332,730,0,0
271,0.7100684094429016,729,0,0
272,0.46429482053013915,728,0,0
273,0.37010841035842895,727,0,0
274,0.7474068713188171,726,0,0
275,0.5880635976791382,725,0,0
276,0.7898476219372587,724,0,0
277,0.6827636635303498,723,0,0
278,0.752538006901741,722,0,0
279,0.6898888511657715,721,0,0
280,0.6216852009296417,720,0,0
281,0.5814263749122619,719,0,0
282,0.7238173015117645,718,0,0
283,0.7108436937332153,717,0,0
284,0.6998055022954941,716,0,0
285,0.6874063789844513,715,0,0
286,0.5811733607110098,714,0,0
287,0.7981727948784828,713,0,0
288,0.6390596771240235,712,0,0
289,0.7256099265813828,711,0,0
290,0.6852154956722059,710,0,0
291,0.779085741734579,709,0,0
292,0.7672517991065979,708,0,0
293,0.6845012390613556,707,0,0
294,0.4327641648194617,706,0,0
295,0.6047675427818986,705,0,0
296,0.7629906135797501,704,0,0
297,0.6769030488775974,703,0,0
298,0.6408428871631622,702,0,0
299,0.7066388589143753,701,0,0
300,0.7872736677527428,700,0,0
301,0.7924784857034683,699,0,0
302,0.42284603786468505,698,0,0
303,0.7412835025787353,697,0,0
304,0.7044550850391388,696,0,0
305,0.618527227640152,695,0,0
306,0.7159132885932922,694,0,0
307,0.6886633104085922,693,0,0
308,0.3147703137397766,692,0,0
309,0.5402857851982117,691,0,0
310,0.7520803689956665,690,0,0
311,0.72527930497178,689,0,0
312,0.7913677996397018,688,0,0
313,0.5289540047645569,687,0,0
314,0.545558662855419,686,0,0
315,0.6184424937963486,685,0,0
316,0.5832502055168152,684,0,0
317,0.7475169557900125,683,0,0
318,0.6980279767513276,682,0,0
319,0.38786690378189087,681,0,0
320,0.6064228684902191,680,0,0
321,0.5925558853149414,679,0,0
322,0.7302695311307907,678,0,0
323,0.6602333360910415,677,0,0
324,0.6421251904964447,676,0,0
325,0.7675531269262003,675,0,0
326,0.7578431326968311,674,0,0
327,0.7260271520035115,673,0,0
328,0.6645600373744964,672,0,0
329,0.642182285785675,671,0,0
330,0.6270079702138901,670,0,0
331,0.7077775526046752,669,0,0
332,0.5248128986358642,668,0,0
333,0.706035932302475,667,0,0
334,0.7079776851534844,666,0,0
335,0.38209598064422606,665,0,0
336,0.6668699252605438,664,0,0
337,0.7007183140516281,663,0,0
338,0.3799064302444458,662,0,0
339,0.5322674942016602,661,0,0
340,0.57422447514534,660,0,0
341,0.6715446938726254,659,0,0
342,0.6317470527887344,658,0,0
343,0.7703843751121686,657,0,0
344,0.7568657618761063,656,0,0
345,0.5870224357843399,655,0,0
346,0.634016250371933,654,0,0
347,0.46707575988769534,653,0,0
348,0.5833612648844129,652,0,0
349,0.5093191576004028,651,0,0
350,0.5158498287200928,650,0,0
351,0.538967936038971,649,0,0
352,0.7583192637562752,648,0,0
353,0.6852583700418472,647,0,0
354,0.47051153326034545,646,0,0
355,0.5939872954766516,645,0,0
356,0.7045691090822219,644,0,0
357,0.48878105640411373,643,0,0
358,0.5328708493709564,642,0,0
359,0.5770539236068726,641,0,0
360,0.6507466018199921,640,0,0
361,0.4006568658351898,639,0,0
362,0.5962508081584316,638,0,0
363,0.6197382266521454,637,0,0
364,0.31339999213910374,636,0,0
365,0.4624867558479309,635,0,0
366,0.6057502287626266,634,0,0
367,0.42355780118806674,633,0,0
368,0.5641172164678574,632,0,0
369,0.5277275934219361,631,0,0
370,0.5500141590833664,630,0,0
371,0.2920716452598572,629,0,0
372,0.598400536775589,628,0,0
373,0.5663362613619973,627,0,0
374,0.5294553351402282,626,0,0
375,0.613641694188118,625,0,0
376,0.5438878049850464,624,0,0
377,0.6614074548790534,623,0,0
378,0.5643701535196969,622,0,0
379,0.5883562517166138,621,0,0
380,0.3901443543434143,620,0,0
381,0.4303621280193329,619,0,0
382,0.5857392615079879,618,0,0
383,0.575348388671875,617,0,0
384,0.6443563145399094,616,0,0
385,0.5716549682128909,615,0,0
386,0.4855017232894897,614,0,0
387,0.6453235290646553,613,0,0
388,0.6806371893635658,612,0,0
389,0.5247223210334778,611,0,0
390,0.38409220600128174,610,0,0
391,0.5107471892827973,609,0,0
392,0.5981952152843885,608,0,0
393,0.5324322114540564,607,0,0
394,0.40611226081848145,606,0,0
395,0.5430247992277145,605,0,0
396,0.25374335527420044,604,0,0
397,0.6717698013782502,603,0,0
398,0.5880246037244796,602,0,0
399,0.5821371686458587,601,0,0
400,0.44793335819244384,600,0,0
401,0.6370211800336838,599,0,0
402,0.5683925021501295,598,0,0
403,0.5283628578186035,597,0,0
404,0.32547610531861315,596,0,0
405,0.4760377645492554,595,0,0
406,0.49537507474422454,594,0,0
407,0.6286284006834031,593,0,0
408,0.33382206201553344,592,0,0
409,0.46279154253005983,591,0,0
410,0.5970406832695008,590,0,0
411,0.5089957494735717,589,0,0
412,0.596421212553978,588,0,0
413,0.4318116958141327,587,0,0
414,0.4115214121471202,586,0,0
415,0.5979229838848115,585,0,0
416,0.6485555773377418,584,0,0
417,0.5508502221107483,583,0,0
418,0.4376625800132751,582,0,0
419,0.4979735209941864,581,0,0
420,0.5800491631031036,580,0,0
421,0.6772755692899227,579,0,0
422,0.3459172049966975,578,0,0
423,0.5276055092775687,577,0,0
424,0.4840101909637451,576,0,0
425,0.6328325942158699,575,0,0
426,0.6138333070278168,574,0,0
427,0.19323718309402466,573,0,0
428,0.5200979971885682,572,0,0
429,0.4146719527244568,571,0,0
430,0.46791201233863833,570,0,0
431,0.6014266362190246,569,0,0
432,0.5310980548257489,568,0,0
433,0.4474180245399475,567,0,0
434,0.4489270341396332,566,0,0
435,0.510757851600647,565,0,0
436,0.4486915934085846,564,0,0
437,0.486652330160141,563,0,0
438,0.4973207678794861,562,0,0
439,0.4647987856082891,561,0,0
440,0.5917382988929749,560,0,0
441,0.3320803835471844,559,0,0
442,0.5681250967742721,558,0,0
443,0.5419388943910599,557,0,0
444,0.5794327256083489,556,0,0
445,0.5260009378194809,555,0,0
446,0.5322537822851447,554,0,0
447,0.27673802137374875,553,0,0
448,0.40167895870841613,552,0,0
449,0.3785155438788049,551,0,0
450,0.27188788080215454,550,0,0
451,0.5031393666267395,549,0,0
452,0.604485048739491,548,0,0
453,0.608954152693985,547,0,0
454,0.6084365462698512,546,0,0
455,0.47618777648806576,545,0,0
456,0.45444609999656677,544,0,0
457,0.45435807764530184,543,0,0
458,0.5222296476552318,542,0,0
459,0.373185772895813,541,0,0
460,0.5327873408794404,540,0,0
461,0.2590624610277498,539,0,0
462,0.347171471118927,538,0,0
463,0.4966229045391083,537,0,0
464,0.40939027500152586,536,0,0
465,0.6028009236514944,535,0,0
466,0.4731255816801636,534,0,0
467,0.48377678751945496,533,0,0
468,0.5435071584979494,532,0,0
469,0.5532364171743394,531,0,0
470,0.2959913300958499,530,0,0
471,0.49560059809684753,529,0,0
472,0.47971841168403623,528,0,0
473,0.4835253232717514,527,0,0
474,0.41840029489994046,526,0,0
475,0.5261053562148483,525,0,0
476,0.52502041161173,524,0,0
477,0.4934688184102118,523,0,0
478,0.4995789491269597,522,0,0
479,0.2875998568534851,521,0,0
480,0.2881107988357544,520,0,0
481,0.12453640890121459,519,0,0
482,0.37833323240280153,518,0,0
483,0.5342605838179588,517,0,0
484,0.3252096962928772,516,0,0
485,0.5061958786422625,515,0,0
486,0.5037525657839756,514,0,0
487,0.16722033261796687,513,0,0
488,0.4958995486497879,512,0,0
489,0.395962221622467,511,0,0
490,0.3458782255649567,510,0,0
491,0.45986796498298643,509,0,0
492,0.34974969387054444,508,0,0
493,0.5293732219934464,507,0,0
494,0.47910641519949,506,0,0
495,0.5181674420833587,505,0,0
496,0.3546788740158081,504,0,0
497,0.5771879064724599,503,0,0
498,0.429298704624176,502,0,0
499,0.4814278511653808,501,0,0
500,0.4663150906562805,500,0,0
501,0.4523085404634476,499,0,0
502,0.4269784367084503,498,0,0
503,0.45264711618423464,497,0,0
504,0.5741169181466103,496,0,0
505,0.4923937118151158,495,0,0
506,0.3486588227748871,494,0,0
507,0.46423264490191124,493,0,0
508,0.49484547339443996,492,0,0
509,0.2761418414115906,491,0,0
510,0.4334586918613917,490,0,0
511,0.49699037855050593,489,0,0
512,0.5132916829083396,488,0,0
513,0.1648217284679413,487,0,0
514,0.08701102811938827,486,0,0
515,0.3432099587951983,485,0,0
516,0.537728603676894,484,0,0
517,0.48642063104937683,483,0,0
518,0.5722393344600476,482,0,0
519,0.42040067744255066,481,0,0
520,0.4811241263598306,480,0,0
521,0.3205012130737305,479,0,0
522,0.3783981984853744,478,0,0
523,0.27598434925079346,477,0,0
524,0.25667715803601854,476,0,0
525,0.439679354429245,475,0,0
526,0.32730623869513087,474,0,0
527,0.32759982109069824,473,0,0
528,0.3710713349438232,472,0,0
529,0.3949573411941528,471,0,0
530,0.44030443727970126,470,0,0
531,0.2591574032306671,469,0,0
532,0.4223686969280243,468,0,0
533,0.32159583806991576,467,0,0
534,0.09750581626688759,466,0,0
535,0.5292200052440166,465,0,0
536,0.43417795181274416,464,0,0
537,0.0949934203196321,463,0,0
538,0.34348338227475483,462,0,0
539,0.27082107707345743,461,0,0
540,0.36139385104179383,460,0,0
541,0.3830594378709793,459,0,0
542,0.3833949512243271,458,0,0
543,0.2948276408475587,457,0,0
544,0.4529872086644173,456,0,0
545,0.22530928850173948,455,0,0
546,0.35667278957366944,454,0,0
547,0.2386354839801788,453,0,0
548,0.30944591999053955,452,0,0
549,0.37489831900596615,451,0,0
550,0.4274121969938278,450,0,0
551,0.5030789065361023,449,0,0
552,0.4472026056051254,448,0,0
553,0.2441315019130707,447,0,0
554,0.3778715279755407,446,0,0
555,0.3887895556688309,445,0,0
556,-0.06978172779083253,444,0,0
557,0.3789517199993134,443,0,0
558,0.31647883892059325,442,0,0
559,0.4595667091012001,441,0,0
560,0.3135173350572586,440,0,0
561,0.20398799127948058,439,0,0
562,0.22302007465944285,438,0,0
563,0.12251675267961493,437,0,0
564,0.3444758572625661,436,0,0
565,0.23556853294142738,435,0,0
566,0.24284843683242796,434,0,0
567,0.20668849420547486,433,0,0
568,0.2808085465431213,432,0,0
569,0.38924891471862794,431,0,0
570,0.35620746612548826,430,0,0
571,0.44766025064884063,429,0,0
572,0.23572771368012974,428,0,0
573,0.34337820013886994,427,0,0
574,0.2837708306312561,426,0,0
575,0.1006537675857544,425,0,0
576,0.29190495491027835,424,0,0
577,0.3076531660194029,423,0,0
578,0.3271774017810822,422,0,0
579,0.38339138770103454,421,0,0
580,-0.15311620235443113,420,0,0
581,0.3086264657974243,419,0,0
582,0.29081497280530094,418,0,0
583,0.28823051118850707,417,0,0
584,0.3226041438013447,416,0,0
585,0.37845830013178977,415,0,0
586,0.12232177138328554,414,0,0
587,0.2887730367183685,413,0,0
588,0.28076616649326025,412,0,0
589,0.18440608501434325,411,0,0
590,0.25305280656572443,410,0,0
591,0.40176078657365655,409,0,0
592,0.3073467019828424,408,0,0
593,0.299688064455986,407,0,0
594,0.2078665566444397,406,0,0
595,0.45394700479507444,405,0,0
596,-0.14368229627609252,404,0,0
597,0.07279848186092258,403,0,0
598,0.31499137830734253,402,0,0
599,0.2589754474163055,401,0,0
600,0.2296827733516693,400,0,0
601,0.3808001416921616,399,0,0
602,0.1295491580406647,398,0,0
603,0.2769179010391235,397,0,0
604,0.1935419988632202,396,0,0
605,0.38610060900185816,395,0,0
606,0.25815020355541385,394,0,0
607,0.1337844467900986,393,0,0
608,0.08911421202941616,392,0,0
609,0.32718427896499636,391,0,0
610,0.15565078896843532,390,0,0
611,0.3320823311939235,389,0,0
612,0.27233692443924384,388,0,0
613,0.3093213656118563,387,0,0
614,0.4212316703796387,386,0,0
615,0.10778765844375937,385,0,0
616,0.27229867458343504,384,0,0
617,-0.04935795879364013,383,0,0
618,0.25287074685096744,382,0,0
619,-0.06500136137008672,381,0,0
620,-0.04995878934860232,380,0,0
621,0.17602590203285218,379,0,0
622,0.3662621265649796,378,0,0
623,0.1377742780522344,377,0,0
624,0.34415510224334855,376,0,0
625,0.19733333587646484,375,0,0
626,0.25923955366163043,374,0,0
627,0.37923978574886574,373,0,0
628,0.170024709616155,372,0,0
629,0.27798941368504726,371,0,0
630,0.4131792686879635,370,0,0
631,0.10341315746307378,369,0,0
632,0.24919782352447506,368,0,0
633,0.43450204991465247,367,0,0
634,0.15185031720478892,366,0,0
635,0.22661599450511405,365,0,0
636,0.1956068063250519,364,0,0
637,0.2902953441539914,363,0,0
638,0.26545140087604524,362,0,0
639,0.26812362492084507,361,0,0
640,0.20054762375354762,360,0,0
641,0.3462191778421402,359,0,0
642,-0.0129510543346405,358,0,0
643,0.13271630644798282,357,0,0
644,0.22099799633026118,356,0,0
645,0.18669975399971006,355,0,0
646,0.21648008108139039,354,0,0
647,0.17025438308715823,353,0,0
648,0.3032394075393676,352,0,0
649,0.16400012496297778,351,0,0
650,0.12130548671086616,350,0,0
651,0.2943335373401642,349,0,0
652,0.22718756029579845,348,0,0
653,0.11559468150138852,347,0,0
654,0.18096413731575012,346,0,0
655,0.24971391272544863,345,0,0
656,0.2364384907484055,344,0,0
657,0.38729748040437695,343,0,0
658,0.31006191472581335,342,0,0
659,0.005126002635329918,341,0,0
660,0.3175873098600671,340,0,0
661,0.2790530725349676,339,0,0
662,0.19338448340126346,338,0,0
663,0.3275147983549497,337,0,0
664,0.24240730524063114,336,0,0
665,0.3021876675166322,335,0,0
666,-0.0027979672491355023,334,0,0
667,0.05158889335931227,333,0,0
668,0.34962574481964115,332,0,0
669,-0.10031456814820072,331,0,0
670,0.30582718306882994,330,0,0
671,0.327120552657733,329,0,0
672,0.05553254842758182,328,0,0
673,0.06048470133959016,327,0,0
674,0.3022677910327911,326,0,0
675,0.30631087720394135,325,0,0
676,0.21975775369133088,324,0,0
677,0.2474419748783112,323,0,0
678,-0.07564880938119234,322,0,0
679,0.0221071109650538,321,0,0
680,-0.1935729146003723,320,0,0
681,0.3010988909006119,319,0,0
682,0.010686569472984075,318,0,0
683,0.016449739933013907,317,0,0
684,0.2943421196937561,316,0,0
685,0.14136029197610345,315,0,0
686,-2.0666122436563406e-05,314,0,0
687,0.06533201813561262,313,0,0
688,0.12138348484039307,312,0,0
689,0.19878395938873294,311,0,0
690,0.17092698514461513,310,0,0
691,0.03897893924498197,309,0,0
692,0.06070251226425172,308,0,0
693,0.012037157851282343,307,0,0
694,0.14859010133782535,306,0,0
695,0.13059107065200803,305,0,0
696,0.2990537068441709,304,0,0
697,0.16218427633770527,303,0,0
698,-0.0003928220272064742,302,0,0
699,0.17494650304317472,301,0,0
700,0.1906825304031372,300,0,0
701,0.24090369716908255,299,0,0
702,0.17081571917253724,298,0,0
703,0.10802395009994503,297,0,0
704,0.2195723009109497,296,0,0
705,0.018487926405854282,295,0,0
706,-0.0198953496279779,294,0,0
707,0.11232890844345089,293,0,0
708,0.09113507509231566,292,0,0
709,0.20417307734489443,291,0,0
710,0.15615534198284153,290,0,0
711,0.239923498570919,289,0,0
712,0.12067472112178801,288,0,0
713,0.061364188194274916,287,0,0
714,-0.023999946117401083,286,0,0
715,0.06037957668304439,285,0,0
716,0.14947040586206017,284,0,0
717,-0.07277714252471923,283,0,0
718,-0.1277344995027454,282,0,0
719,0.04763293684054315,281,0,0
720,0.20170787572860716,280,0,0
721,0.1976198543671538,279,0,0
722,0.24102659881114963,278,0,0
723,0.07726683568954462,277,0,0
724,-0.15393578886985781,276,0,0
725,0.13400769233703613,275,0,0
726,0.07116867576139785,274,0,0
727,0.11155664682388311,273,0,0
728,-0.04476434350013736,272,0,0
729,0.0857914638519287,271,0,0
730,0.15630988788604738,270,0,0
731,0.10267723107337956,269,0,0
732,0.27068219172220687,268,0,0
733,0.07154714107513427,267,0,0
734,0.22286495709419252,266,0,0
735,0.16967763429451432,265,0,0
736,0.22426585323783899,264,0,0
737,0.2342702230811119,263,0,0
738,0.16682439982891084,262,0,0
739,0.22256015807390217,261,0,0
740,0.08880321109294886,260,0,0
741,0.14957903348586343,259,0,0
742,-0.12042584943771362,258,0,0
743,-0.15259917990210914,257,0,0
744,0.011583186388015698,256,0,0
745,-0.03820378951539938,255,0,0
746,-0.013346607685089107,254,0,0
747,0.13360172820269345,253,0,0
748,0.29215612712421946,252,0,0
749,0.19731951031828243,251,0,0
750,-0.03345847129821777,250,0,0
751,0.023116774897759873,249,0,0
752,-0.09640837836265559,248,0,0
753,0.04699334144592282,247,0,0
754,0.12204071402549743,246,0,0
755,0.06191231322288515,245,0,0
756,0.08053355693817144,244,0,0
757,0.022973141670227015,243,0,0
758,0.1566123867034912,242,0,0
759,-0.07410783648490904,241,0,0
760,-0.3662645726203918,240,0,0
761,-0.19183383703231816,239,0,0
762,0.10404187107038787,238,0,0
763,-0.07515959501266478,237,0,0
764,0.23560251861810688,236,0,0
765,0.10603931089747198,235,0,0
766,-0.20825763463974,234,0,0
767,0.10064864838123322,233,0,0
768,0.11078039646148685,232,0,0
769,0.1763873097300529,231,0,0
770,0.03707157762618929,230,0,0
771,-0.06602534174919128,229,0,0
772,0.20378284405882807,228,0,0
773,-0.022722369909286555,227,0,0
774,-0.09673818826675418,226,0,0
775,-0.02502349019050598,225,0,0
776,-0.03928682327270505,224,0,0
777,0.07475352048873907,223,0,0
778,-0.22870456578681797,222,0,0
779,0.21493949677179647,221,0,0
780,0.007581935352565461,220,0,0
781,-0.09258909925740422,219,0,0
782,-0.0031891079127248645,218,0,0
783,0.10123840494500325,217,0,0
784,0.019912381172180194,216,0,0
785,0.13648978173732762,215,0,0
786,0.07369260668754574,214,0,0
787,-0.08225547599792482,213,0,0
788,-0.011116579771041857,212,0,0
789,0.02220151612356347,211,0,0
790,-0.02846615314483647,210,0,0
791,-0.04764940694861264,209,0,0
792,-0.006146034002304068,208,0,0
793,0.059800215959548986,207,0,0
794,0.03773403882980342,206,0,0
795,0.07885274887084959,205,0,0
796,0.13593829900026322,204,0,0
797,0.0935035158666998,203,0,0
798,0.18428176134824747,202,0,0
799,-0.06832896327972415,201,0,0
800,0.1453063316456864,200,0,0
801,0.12353483308272006,199,0,0
802,0.13242121609096302,198,0,0
803,0.060730602741241424,197,0,0
804,-0.043770099735356616,196,0,0
805,-0.14325552424249766,195,0,0
806,-0.05514216058270316,194,0,0
807,0.07721315828838782,193,0,0
808,-0.009135191288213607,192,0,0
809,0.07892687670495091,191,0,0
810,-0.006953723563167591,190,0,0
811,0.08237488779137403,189,0,0
812,0.1445715284347534,188,0,0
813,0.014719374921519757,187,0,0
814,-0.04810668706893917,186,0,0
815,0.12946112155914302,185,0,0
816,-0.16556077176725648,184,0,0
817,0.11318241988251398,183,0,0
818,-0.025499016523361173,182,0,0
819,-0.12035661220550542,181,0,0
820,0.011742201566696142,180,0,0
821,0.12904091382026672,179,0,0
822,-0.2629817986488342,178,0,0
823,0.07720133626461023,177,0,0
824,-0.031670747995376614,176,0,0
825,-0.038919150829315186,175,0,0
826,0.16451807945966723,174,0,0
827,-0.03971159696578974,173,0,0
828,0.0846838021278381,172,0,0
829,0.11813544005155563,171,0,0
830,0.03290268514582373,170,0,0
831,0.11100879341363912,169,0,0
832,0.10022992551326748,168,0,0
833,-0.17716235876083375,167,0,0
834,0.14140958011150362,166,0,0
835,-0.3161791682243347,165,0,0
836,0.0030145663022994595,164,0,0
837,0.0661021327972412,163,0,0
838,-0.2021965321252367,162,0,0
839,-0.0619449572563171,161,0,0
840,0.025465315671070132,160,0,0
841,-0.04484461028344122,159,0,0
842,0.05251900923252106,158,0,0
843,-0.017367235422134364,157,0,0
844,-0.05335617957515659,156,0,0
845,-0.26553704738616946,155,0,0
846,0.029309945391137515,154,0,0
847,-0.020438080310821505,153,0,0
848,-0.041386702500326056,152,0,0
849,-0.3265075969696045,151,0,0
850,0.1293543428182602,150,0,0
851,-0.29586243748664853,149,0,0
852,-0.4297179942904623,148,0,0
853,-0.14814605414470694,147,0,0
854,0.10416432738304138,146,0,0
855,-0.05795235037803648,145,0,0
856,-0.041160727500915484,144,0,0
857,0.07221745610237118,143,0,0
858,-0.03164978483722547,142,0,0
859,-0.01011259436607359,141,0,0
860,0.02897843134403233,140,0,0
861,0.049796755679627824,139,0,0
862,-0.15124602213644345,138,0,0
863,-0.1113479579894171,137,0,0
864,0.03646919730535225,136,0,0
865,-0.15184721271730472,135,0,0
866,-0.16200356602668764,134,0,0
867,0.013920257091522226,133,0,0
868,-0.25016599059104916,132,0,0
869,-0.0790956991910935,131,0,0
870,-0.04247679308436347,130,0,0
871,-0.08688185632228851,129,0,0
872,0.005835402607917817,128,0,0
873,-0.03834613919258123,127,0,0
874,-0.1490143613815308,126,0,0
875,-0.03290419123980193,125,0,0
876,-0.26240399599075315,124,0,0
877,-0.2271652245521545,123,0,0
878,-0.11896810293197635,122,0,0
879,-0.29034618044021576,121,0,0
880,0.03860209215919663,120,0,0
881,0.03722864419221883,119,0,0
882,-0.2092191133240372,118,0,0
883,0.0054264245213276885,117,0,0
884,-0.030023786699070687,116,0,0
885,0.050226769182849296,115,0,0
886,-0.11022205471992497,114,0,0
887,0.02589645296335219,113,0,0
888,-0.23227597832679747,112,0,0
889,-0.39689492750167843,111,0,0
890,0.018387743796070444,110,0,0
891,0.0540404101222971,109,0,0
892,-0.018850391507148734,108,0,0
893,-0.05656363725662228,107,0,0
894,-0.1304013359546662,106,0,0
895,0.04763211905956266,105,0,0
896,-0.15128635883331298,104,0,0
897,-0.25376125874144007,103,0,0
898,-0.07426117059992232,102,0,0
899,-0.15856861948966983,101,0,0
900,-0.06330880522727966,100,0,0
901,-0.028380335569381687,99,0,0
902,-0.4798944772049558,98,0,0
903,-0.07580469906330112,97,0,0
904,-0.12155376776037674,96,0,0
905,-0.18300678684400584,95,0,0
906,-0.12775836461678314,94,0,0
907,-0.07910461646172384,93,0,0
908,-0.03383604645729066,92,0,0
909,0.02215029716491701,91,0,0
910,-0.30195168852806087,90,0,0
911,-0.04881907820701603,89,0,0
912,-0.17840262422626363,88,0,0
913,-0.18180115580558776,87,0,0
914,-0.010569484829902609,86,0,0
915,-0.20268236398696904,85,0,0
916,-0.20315598368644716,84,0,0
917,-0.10673046225464433,83,0,0
918,-0.08713568518841641,82,0,0
919,-0.20732487973590363,81,0,0
920,-0.09114856421947481,80,0,0
921,-0.25762158831633053,79,0,0
922,-0.1727984511852264,78,0,0
923,-0.0632194993221552,77,0,0
924,-0.1328977212905884,76,0,0
925,-0.2111557313917709,75,0,0
926,-0.27834293365478513,74,0,0
927,-0.16284010052680964,73,0,0
928,-0.06842364728450778,72,0,0
929,-0.13420095026493073,71,0,0
930,-0.14493092000484464,70,0,0
931,-0.24135471105575557,69,0,0
932,-0.048123289036371975,68,0,0
933,-0.1695077992067079,67,0,0
934,-0.07310785346492377,66,0,0
935,-0.36772297024726863,65,0,0
936,-0.1690683346986771,64,0,0
937,-0.07913911283016206,63,0,0
938,-0.0630738741159439,62,0,0
939,-0.047283351237199844,61,0,0
940,-0.09034983115487727,60,0,0
941,-0.03970395939241811,59,0,0
942,-0.018165273368358603,58,0,0
943,-0.24350569270871214,57,0,0
944,-0.08223391628265386,56,0,0
945,-0.13237971961498263,55,0,0
946,-0.16314874112606048,54,0,0
947,-0.16677128911018368,53,0,0
948,-0.03788763521622429,52,0,0
949,-0.379333605021676,51,0,0
950,-0.06718658792972565,50,0,0
951,-0.027197275665800213,49,0,0
952,-0.14407434914494122,48,0,0
953,-0.24722443432689756,47,0,0
954,-0.15388475227355958,46,0,0
955,-0.4386388976296701,45,0,0
956,-0.22271487539266932,44,0,0
957,0.005039771748257649,43,0,0
958,-0.14178711752448803,42,0,0
959,-0.0573370120169463,41,0,0
960,-0.1531602263450622,40,0,0
961,-0.21990032315254215,39,0,0
962,-0.47660376071929933,38,0,0
963,-0.0216369557368975,37,0,0
964,-0.4364418661485171,36,0,0
965,-0.19826411008834843,35,0,0
966,-0.23322456002235414,34,0,0
967,-0.1393319123983383,33,0,0
968,-0.18410100698471066,32,0,0
969,-0.09321056265049077,31,0,0
970,-0.0937124501642379,30,0,0
971,-0.2430095326900482,29,0,0
972,-0.4417774533444363,28,0,0
973,-0.12568912523478282,27,0,0
974,-0.43482893586158755,26,0,0
975,-0.21388103067874908,25,0,0
976,-0.3401285421848297,24,0,0
977,-0.20491068577766414,23,0,0
978,-0.1522401309013367,22,0,0
979,-0.11935118317604065,21,0,0
980,-0.04803949228833282,20,0,0
981,-0.15755930809337004,19,0,0
982,-0.10628716761498358,18,0,0
983,-0.29342101364560635,17,0,0
984,-0.15991264001717875,16,0,0
985,-0.039528585731983146,15,0,0
986,-0.4437120853560722,14,0,0
987,-0.3077381633966295,13,0,0
988,-0.2632355585432492,12,0,0
989,-0.14732939893860542,11,0,0
990,-0.1975683599710465,10,0,0
991,-0.1372226667404175,9,0,0
992,-0.39925630927085876,8,0,0
993,-0.12136052555330223,7,0,0
994,-0.1285869407653809,6,0,0
995,-0.36061894297599795,5,0,0
996,-0.6310161304473877,4,0,0
997,-0.11674821764230725,3,0,0
998,-0.32985904450619996,2,0,0
999,-0.2260063217878342,1,0,0
1000,-0.2584028820587627,0,0,0
1001,0.5871908974647522,999,0,0
1002,0.706091912984848,998,0,0
1003,0.4332861638069153,997,0,0
1004,0.3983419795036316,996,0,0
1005,0.5750403016805649,995,0,0
1006,0.4769722294807434,994,0,0
1007,0.40576459853765234,993,0,0
1008,0.4380167818069458,992,0,0
1009,0.6655432987213135,991,0,0
1010,0.5549326317419747,990,0,0
1011,0.5066717727105648,989,0,0
1012,0.5430556082725525,988,0,0
1013,0.47873612107832275,987,0,0
1014,0.40079356908798214,986,0,0
1015,0.4806276440620422,985,0,0
1016,0.642790870308876,984,0,0
1017,0.4619146234242504,983,0,0
1018,0.663718587241976,982,0,0
1019,0.5152587730884552,981,0,0
1020,0.5643099784851074,980,0,0
1021,0.5064853685601501,979,0,0
1022,0.6153264307975769,978,0,0
1023,0.5223587429523469,977,0,0
1024,0.6212463515996933,976,0,0
1025,0.6473952531814575,975,0,0
1026,0.6227777314186096,974,0,0
1027,0.6048887059058188,973,0,0
1028,0.7364886815065002,972,0,0
1029,0.4195244183540344,971,0,0
1030,0.5081120356313246,970,0,0
1031,0.5301005613803864,969,0,0
1032,0.46139018797874454,968,0,0
1033,0.6607788696889364,967,0,0
1034,0.44761757135391234,966,0,0
1035,0.3707482935396132,965,0,0
1036,0.6319478881359101,964,0,0
1037,0.21998621463775636,963,0,0
1038,0.6782698339223862,962,0,0
1039,0.5557265956401825,961,0,0
1040,0.6823831757229888,960,0,0
1041,0.6362672638893128,959,0,0
1042,0.5061905904426984,958,0,0
1043,0.5787106668949127,957,0,0
1044,0.6499467630386353,956,0,0
1045,0.5738805980682373,955,0,0
1046,0.49891058349609374,954,0,0
1047,0.6484771633148193,953,0,0
1048,0.44547810912132263,952,0,0
1049,0.44478705497307636,951,0,0
1050,0.6773895025253296,950,0,0
1051,0.7053829592466354,949,0,0
1052,0.44474801659584046,948,0,0
1053,0.306939239025116,947,0,0
1054,0.5348241078853607,946,0,0
1055,0.6836786031723022,945,0,0
1056,0.6541722488403321,944,0,0
1057,0.6356759750843048,943,0,0
1058,0.7162025945822714,942,0,0
1059,0.2866849112510681,941,0,0
1060,0.5377898931503295,940,0,0
1061,0.4624003214836121,939,0,0
1062,0.7296242317202875,938,0,0
1063,0.413176611661911,937,0,0
1064,0.6481997554124992,936,0,0
1065,0.5262385785579682,935,0,0
1066,0.6773280692100525,934,0,0
1067,0.697837528044218,933,0,0
1068,0.743851588876945,932,0,0
1069,0.47398727416992187,931,0,0
1070,0.5315450966358185,930,0,0
1071,0.7879476164281368,929,0,0
1072,0.5906529475272329,928,0,0
1073,0.7703581750117543,927,0,0
1074,0.6363471138627131,926,0,0
1075,0.4960092627691448,925,0,0
1076,0.7459538441896438,924,0,0
1077,0.5715122842788696,923,0,0
1078,0.6816097559907792,922,0,0
1079,0.695447136759758,921,0,0
1080,0.6507909953594208,920,0,0
1081,0.6654816402196884,919,0,0
1082,0.7930963569879532,918,0,0
1083,0.728558228135109,917,0,0
1084,0.7064085558362182,916,0,0
1085,0.7078952610492706,915,0,0
1086,0.4544600081443787,914,0,0
1087,0.58428551197052,913,0,0
1088,0.6881931998729706,912,0,0
1089,0.5643186745906142,911,0,0
1090,0.5448832392692566,910,0,0
1091,0.43755765676498415,909,0,0
1092,0.6047422790527344,908,0,0
1093,0.7008232688903808,907,0,0
1094,0.6255395161466504,906,0,0
1095,0.5467415514754662,905,0,0
1096,0.8003179565124682,904,0,0
1097,0.7617192652225494,903,0,0
1098,0.5484249752325703,902,0,0
1099,0.6790138322114945,901,0,0
1100,0.6235700707880929,900,0,0
1101,0.553168476819992,899,0,0
1102,0.666053022945835,898,0,0
1103,0.6077711638145019,897,0,0
1104,0.7980046135808807,896,0,0
1105,0.6125882007349112,895,0,0
1106,0.6694418958181882,894,0,0
1107,0.5841485257148743,893,0,0
1108,0.6589351316901557,892,0,0
1109,0.4650848255532414,891,0,0
1110,0.6602430760860443,890,0,0
1111,0.6882076841592789,889,0,0
1112,0.7439582788944245,888,0,0
1113,0.7647918915748596,887,0,0
1114,0.5741793084144592,886,0,0
1115,0.8149942548274994,885,0,0
1116,0.5768620264530182,884,0,0
1117,0.8245075026154518,883,0,0
1118,0.8379004351496696,882,0,0
1119,0.7178197604164869,881,0,0
1120,0.5175044178962708,880,0,0
1121,0.738707150220871,879,0,0
1122,0.5811766681671142,878,0,0
1123,0.5531513665231342,877,0,0
1124,0.7339779722690583,876,0,0
1125,0.5165452659130096,875,0,0
1126,0.7840436769723892,874,0,0
1127,0.6779233539104461,873,0,0
1128,0.7171443811503578,872,0,0
1129,0.5814709534645081,871,0,0
1130,0.6711620113453937,870,0,0
1131,0.652895130462626,869,0,0
1132,0.4874416971206665,868,0,0
1133,0.5555381650970526,867,0,0
1134,0.8023126652240753,866,0,0
1135,0.7571891963481903,865,0,0
1136,0.7812974882125855,864,0,0
1137,0.7248594256820126,863,0,0
1138,0.7273878461122513,862,0,0
1139,0.6170760080768923,861,0,0
1140,0.7603981673717499,860,0,0
1141,0.7294536274671555,859,0,0
1142,0.8486224168539047,858,0,0
1143,0.5884417219187275,857,0,0
1144,0.4398204822540283,856,0,0
1145,0.710280808682505,855,0,0
1146,0.7793299508094788,854,0,0
1147,0.7276209982668678,853,0,0
1148,0.6684744340743305,852,0,0
1149,0.5444795179367066,851,0,0
1150,0.5927273035049438,850,0,0
1151,0.7555897755622863,849,0,0
1152,0.8801956312358379,848,0,0
1153,0.6566196329593659,847,0,0
1154,0.6960797582196834,846,0,0
1155,0.8093068869113922,845,0,0
1156,0.8715998899936676,844,0,0
1157,0.7098061674833298,843,0,0
1158,0.46119887124578907,842,0,0
1159,0.7397035765647888,841,0,0
1160,0.6339250615188501,840,0,0
1161,0.6861740481853486,839,0,0
1162,0.7538609349727631,838,0,0
1163,0.700243250131607,837,0,0
1164,0.7963499742746353,836,0,0
1165,0.7795329868793488,835,0,0
1166,0.908029545545578,834,0,0
1167,0.7313848638534546,833,0,0
1168,0.8109594202041626,832,0,0
1169,0.7486310920214806,831,0,0
1170,0.7483477234840393,830,0,0
1171,0.8201630636453628,829,0,0
1172,0.7722382538576015,828,0,0
1173,0.6859178920819469,827,0,0
1174,0.7958035433307823,826,0,0
1175,0.4464524162696868,825,0,0
1176,0.7362819921970367,824,0,0
1177,0.7299792623220561,823,0,0
1178,0.7965394035126265,822,0,0
1179,0.7698283839225769,821,0,0
1180,0.7668583662509918,820,0,0
1181,0.6740234565734863,819,0,0
1182,0.6653275573253632,818,0,0
1183,0.8216062967540149,817,0,0
1184,0.8151885635991458,816,0,0
1185,0.5371804180145263,815,0,0
1186,0.785059665756736,814,0,0
1187,0.8895744898915291,813,0,0
1188,0.7286556816101074,812,0,0
1189,0.6935393502712249,811,0,0
1190,0.732536393404007,810,0,0
1191,0.7490755957365036,809,0,0
1192,0.5148109698295593,808,0,0
1193,0.7408161377906799,807,0,0
1194,0.6757531392574311,806,0,0
1195,0.6541331648826599,805,0,0
1196,0.8282811207771301,804,0,0
1197,0.8927585119630014,803,0,0
1198,0.7005203938484192,802,0,0
1199,0.8548235346078873,801,0,0
1200,0.701174408197403,800,0,0
1201,0.796647219657898,799,0,0
1202,0.6542298383712769,798,0,0
1203,0.7497020264169336,797,0,0
1204,0.9078003269433975,796,0,0
1205,0.7970241844654083,795,0,0
1206,0.8479785134638675,794,0,0
1207,0.8796448966803472,793,0,0
1208,0.2999030256271362,792,0,0
1209,0.7731300552156462,791,0,0
